priority,customer_id,churn_probability
1,16914,0.9999999981974486
2,29513,0.9999999981012913
3,35750,0.9999999967425721
4,35153,0.9999999956596586
5,23915,0.9999999947857401
6,7877,0.9999999947857401
7,42973,0.9999999943933766
8,15380,0.9999999943933766
9,40813,0.9999999923788935
10,55139,0.9999999920535442
11,27836,0.9999999920535442
12,21596,0.9999999916881787
13,19753,0.9999999914836041
14,6363,0.9999999914821657
15,55722,0.9999999914821657
16,63937,0.9999999914821657
17,63322,0.9999999914821657
18,52447,0.9999999907376073
19,58194,0.9999999907376073
20,61826,0.9999999907357703
21,1557,0.9999999907357703
22,3094,0.9999999907357703
23,39117,0.9999999907357703
24,50115,0.9999999907357703
25,60903,0.9999999907357703
26,53999,0.9999999907357703
27,33742,0.9999999904463189
28,32187,0.9999999904277929
29,4411,0.9999999904277929
30,2068,0.9999999904277929
31,10538,0.9999999904277929
32,1281,0.9999999904277929
33,8554,0.9999999904277929
34,1442,0.9999999904277929
35,27270,0.9999999904271636
36,20483,0.9999999904271636
37,38120,0.9999999904271636
38,22614,0.9999999904271636
39,36375,0.9999999904271636
40,38211,0.9999999904271636
41,42558,0.9999999904271636
42,30935,0.9999999901088029
43,2756,0.9999999900568489
44,15237,0.9999999900568489
45,28969,0.9999999897793727
46,8074,0.9999999897629487
47,12286,0.9999999897629487
48,26503,0.999999989604983
49,34868,0.9999999895369737
50,18988,0.9999999893540393
51,43206,0.9999999886371135
52,12937,0.9999999886371135
53,4296,0.9999999884280927
54,37468,0.9999999882560094
55,17219,0.9999999882560094
56,35370,0.999999987827039
57,5143,0.9999999876002658
58,9677,0.9999999874694357
59,44919,0.9999999873098288
60,53427,0.9999999871036479
61,15272,0.9999999867785299
62,29842,0.9999999867785299
63,11345,0.9999999867639047
64,31285,0.9999999866055314
65,35272,0.9999999865953111
66,43321,0.9999999865953111
67,25702,0.9999999865075477
68,19822,0.9999999865075477
69,31956,0.9999999865043414
70,46615,0.9999999864613025
71,12710,0.9999999862847457
72,10957,0.9999999862847457
73,45321,0.9999999862434283
74,44475,0.9999999862332412
75,12298,0.99999998613549
76,19251,0.99999998613549
77,37637,0.99999998613549
78,5277,0.9999999857478574
79,8347,0.9999999855962722
80,594,0.9999999855612929
81,28652,0.9999999854697788
82,10992,0.9999999854581063
83,6126,0.9999999854581063
84,41186,0.9999999854581063
85,15716,0.9999999853651906
86,14921,0.9999999852635033
87,44301,0.9999999852635033
88,23997,0.9999999852625345
89,5880,0.9999999852625345
90,7520,0.9999999852625345
91,25010,0.9999999850004726
92,19836,0.9999999846575862
93,6133,0.9999999841562943
94,14119,0.9999999838132019
95,37160,0.9999999836286135
96,20858,0.9999999831776513
97,1165,0.9999999827291514
98,49791,0.9999999824628775
99,12484,0.9999999823870208
100,17009,0.9999999819707611
101,39756,0.9999999819707611
102,47205,0.9999999819707611
103,53295,0.9999999819706075
104,46765,0.9999999819706075
105,19098,0.9999999819611339
106,20883,0.9999999818038273
107,63998,0.9999999816913056
108,54181,0.9999999816664028
109,15989,0.9999999814585044
110,14436,0.9999999814572856
111,54523,0.9999999814572856
112,13699,0.9999999813069517
113,26008,0.9999999809420815
114,6233,0.9999999809420815
115,63226,0.9999999809420815
116,14095,0.9999999807351786
117,53131,0.9999999807063061
118,6767,0.9999999807023462
119,49559,0.9999999807023462
120,15857,0.9999999804720628
121,36224,0.9999999804720628
122,18690,0.9999999804720628
123,21791,0.9999999804720628
124,13245,0.9999999804633263
125,7276,0.9999999804633263
126,21558,0.9999999804633263
127,32051,0.9999999804633263
128,37654,0.9999999804633263
129,35667,0.9999999804633263
130,38454,0.9999999804633263
131,35755,0.9999999804633263
132,49685,0.9999999803794984
133,2204,0.9999999803025555
134,22939,0.9999999800937132
135,28180,0.9999999800935564
136,37308,0.9999999800935564
137,7319,0.9999999800935564
138,30186,0.9999999800935564
139,3573,0.9999999800935564
140,24430,0.9999999800935564
141,3444,0.9999999800935564
142,41733,0.9999999797652812
143,49150,0.9999999797440156
144,13391,0.9999999794740682
145,31525,0.9999999794081615
146,14800,0.9999999792140961
147,34873,0.9999999790504719
148,17896,0.9999999790504719
149,27406,0.9999999788418668
150,9360,0.9999999787354399
151,4443,0.9999999783939597
152,58373,0.9999999783322848
153,9003,0.9999999783322848
154,34991,0.9999999783012015
155,37982,0.9999999776532404
156,1047,0.9999999776530644
157,41547,0.9999999770723641
158,43635,0.9999999763594519
159,11854,0.999999976009912
160,4702,0.9999999759614709
161,48757,0.9999999755720942
162,12020,0.999999975571395
163,37239,0.999999975571395
164,45416,0.999999975571395
165,22671,0.999999975571395
166,40052,0.999999975571395
167,11106,0.9999999754916286
168,20954,0.9999999754916286
169,25152,0.9999999754916286
170,32811,0.9999999754916286
171,59660,0.9999999754894863
172,53997,0.9999999754894863
173,52530,0.9999999754894863
174,43339,0.9999999754894863
175,7403,0.9999999753111458
176,59892,0.9999999750718309
177,5492,0.9999999750718309
178,50229,0.9999999750660402
179,58201,0.9999999750660402
180,30079,0.9999999750660402
181,46247,0.9999999750660402
182,33337,0.9999999749033757
183,55262,0.9999999748353652
184,53183,0.999999974641834
185,39656,0.9999999745499966
186,35407,0.9999999741216676
187,2525,0.9999999740304719
188,56055,0.9999999739065153
189,62619,0.9999999739065153
190,13780,0.9999999737180436
191,36961,0.9999999737180436
192,31910,0.9999999731761116
193,10208,0.9999999731761116
194,3174,0.9999999731761116
195,12027,0.9999999726021652
196,29539,0.9999999725201333
197,46950,0.9999999725201333
198,16653,0.9999999716896698
199,30153,0.9999999715227873
200,20318,0.9999999715227873
201,39479,0.9999999715227873
202,10229,0.9999999715222222
203,24291,0.9999999714637141
204,7151,0.9999999709432432
205,39339,0.9999999709080989
206,20215,0.9999999706468237
207,4991,0.9999999706468237
208,52294,0.9999999705905473
209,29323,0.9999999705905473
210,31293,0.9999999705905473
211,41274,0.9999999704819866
212,10743,0.9999999704819866
213,44929,0.9999999704819866
214,42572,0.9999999704819866
215,13162,0.9999999704819866
216,41598,0.9999999704819866
217,35344,0.9999999704819866
218,4514,0.9999999704809539
219,5579,0.9999999702180611
220,26277,0.9999999699877358
221,37044,0.9999999699391819
222,27031,0.9999999699391819
223,8992,0.9999999699391819
224,33204,0.9999999699391819
225,13684,0.9999999699391819
226,38506,0.9999999698877324
227,15992,0.9999999695265462
228,15744,0.9999999690207392
229,37633,0.9999999688743876
230,21290,0.9999999688318543
231,34347,0.9999999688318543
232,20936,0.9999999688318543
233,1299,0.9999999688318543
234,35169,0.9999999688318543
235,62860,0.9999999686994628
236,5207,0.9999999686994628
237,7878,0.9999999686994628
238,26131,0.9999999681270427
239,38859,0.9999999678900461
240,57943,0.9999999673824724
241,5525,0.999999967097517
242,63602,0.9999999668789707
243,47126,0.9999999668789707
244,62738,0.9999999668789707
245,58909,0.9999999662423085
246,37505,0.9999999662388928
247,61448,0.9999999660293606
248,45968,0.9999999660293606
249,60512,0.9999999660293606
250,36369,0.9999999658769743
251,18898,0.9999999657043767
252,18842,0.9999999655901696
253,35318,0.9999999655901696
254,1364,0.9999999655901696
255,8832,0.9999999655901696
256,46743,0.9999999655353092
257,11930,0.9999999655330095
258,21286,0.9999999655330095
259,4603,0.9999999655330095
260,49891,0.9999999655271882
261,46244,0.9999999655271882
262,1827,0.9999999655271882
263,51155,0.9999999653853958
264,56704,0.9999999653853958
265,13915,0.9999999652281159
266,7802,0.9999999651751547
267,9912,0.9999999650785204
268,4851,0.9999999650593573
269,28239,0.9999999650593573
270,58351,0.9999999649972936
271,35777,0.9999999649972936
272,2785,0.9999999649972936
273,8725,0.9999999649972936
274,42049,0.9999999649412005
275,31159,0.9999999649412005
276,11551,0.9999999647709031
277,51130,0.999999964764171
278,26955,0.9999999647634717
279,43804,0.9999999647634717
280,42412,0.9999999640856367
281,63485,0.9999999636859347
282,14850,0.999999963602415
283,38446,0.9999999634876791
284,17848,0.999999963348476
285,25594,0.999999963348476
286,16896,0.999999963348476
287,30769,0.999999963348476
288,18001,0.999999963348476
289,47247,0.999999963348476
290,24484,0.999999963221895
291,22040,0.999999963221895
292,25557,0.999999963221895
293,36107,0.999999963221895
294,45597,0.999999963221895
295,3939,0.999999963221895
296,31695,0.999999963221895
297,11255,0.999999963221895
298,4061,0.999999963221895
299,38672,0.999999963221895
300,40362,0.999999963221895
301,15899,0.999999963221895
302,54763,0.9999999626751671
303,15310,0.9999999626289205
304,52779,0.9999999625194501
305,40426,0.9999999624373647
306,26662,0.9999999623465917
307,38161,0.9999999621638703
308,30039,0.99999996211239
309,18445,0.9999999620980614
310,29431,0.9999999618432612
311,48792,0.9999999616338683
312,9251,0.9999999615394247
313,1771,0.9999999612745782
314,39454,0.9999999612369403
315,25100,0.9999999612369403
316,26475,0.9999999612369403
317,43564,0.9999999610925303
318,7689,0.9999999610925303
319,34686,0.9999999610925303
320,31507,0.9999999610925303
321,33424,0.9999999610925303
322,39372,0.9999999610925303
323,44946,0.9999999610570587
324,57558,0.9999999608339165
325,2066,0.9999999608017813
326,42324,0.9999999608017813
327,63551,0.9999999608007402
328,52951,0.9999999608007402
329,54732,0.9999999608007402
330,8857,0.9999999606695706
331,40238,0.9999999606695706
332,19704,0.999999960572747
333,7157,0.9999999605724363
334,460,0.9999999605724363
335,17576,0.9999999605724363
336,22807,0.9999999605724363
337,27264,0.9999999601387244
338,14754,0.9999999600809597
339,26719,0.9999999599948526
340,24487,0.9999999599304792
341,5533,0.9999999599304792
342,35214,0.9999999599304792
343,7130,0.999999959871729
344,31549,0.999999959871729
345,54350,0.999999959871729
346,36767,0.999999959871729
347,45695,0.999999959871729
348,49698,0.9999999597072758
349,15055,0.9999999596539667
350,10168,0.9999999594627796
351,37209,0.9999999594392098
352,2558,0.9999999592966334
353,30707,0.9999999592966334
354,29586,0.9999999592966334
355,16376,0.9999999592419214
356,58260,0.9999999591893313
357,16047,0.9999999590695324
358,8485,0.9999999589505532
359,11794,0.9999999587377312
360,14253,0.9999999587377312
361,49107,0.999999958539813
362,11210,0.9999999582596419
363,42167,0.9999999581121668
364,11309,0.9999999580883172
365,26551,0.9999999580883172
366,39606,0.9999999580883172
367,2300,0.9999999579826175
368,4009,0.9999999573828637
369,24686,0.9999999573813727
370,21027,0.9999999573813727
371,4948,0.9999999571577977
372,2781,0.9999999569967811
373,41462,0.9999999569967811
374,35975,0.9999999569967811
375,28115,0.9999999569967811
376,15486,0.9999999565107612
377,4905,0.9999999565100414
378,29031,0.9999999564561192
379,43244,0.999999956324943
380,15298,0.999999956324943
381,9478,0.9999999563056047
382,14034,0.9999999561576828
383,16,0.9999999561576828
384,54297,0.9999999561094343
385,46486,0.9999999561094343
386,36819,0.9999999560995451
387,29795,0.9999999560995451
388,42607,0.9999999560995451
389,6985,0.9999999560995451
390,22016,0.9999999560995451
391,32469,0.9999999560995451
392,18246,0.9999999560995451
393,25690,0.9999999560995451
394,3492,0.9999999560995451
395,32874,0.9999999560995451
396,10469,0.9999999560995451
397,24729,0.9999999560995451
398,26374,0.9999999560995451
399,31446,0.9999999557309218
400,27990,0.9999999557309218
401,18622,0.9999999552001921
402,54539,0.9999999549848193
403,4553,0.9999999548035856
404,1273,0.9999999548035856
405,19585,0.9999999547130531
406,7536,0.9999999546974976
407,1989,0.9999999546407298
408,17204,0.9999999538474013
409,36757,0.9999999538474013
410,33692,0.9999999538474013
411,19627,0.9999999538474013
412,27504,0.9999999538474013
413,8792,0.9999999538474013
414,404,0.9999999535218388
415,20944,0.9999999535218388
416,32369,0.9999999535010452
417,18797,0.9999999535010452
418,56413,0.9999999534231241
419,12909,0.9999999532983017
420,39423,0.9999999532983017
421,64211,0.9999999529197625
422,43619,0.9999999529197625
423,64124,0.9999999528340191
424,19141,0.9999999527430268
425,12327,0.9999999527430268
426,26836,0.9999999527430268
427,32758,0.9999999527430268
428,3588,0.9999999527430268
429,23853,0.9999999527430268
430,42095,0.9999999527430268
431,29634,0.9999999520165123
432,16398,0.9999999520165123
433,24140,0.9999999518618808
434,39019,0.9999999513563399
435,50060,0.999999951298186
436,21978,0.9999999512166672
437,56620,0.9999999511479326
438,12103,0.9999999511447918
439,22415,0.9999999511055346
440,54911,0.9999999510417368
441,5049,0.9999999508374857
442,42739,0.9999999507943282
443,31261,0.9999999506480186
444,40930,0.9999999506480186
445,40938,0.9999999506480186
446,36995,0.9999999506480186
447,13423,0.9999999506480186
448,60098,0.9999999505086359
449,26033,0.9999999503084143
450,19744,0.9999999495919197
451,39612,0.9999999495683346
452,34409,0.9999999495683346
453,58650,0.999999949460952
454,53170,0.999999949460952
455,28932,0.9999999486470743
456,1088,0.9999999482220159
457,12982,0.9999999478886887
458,3992,0.9999999478886887
459,36127,0.9999999478886887
460,120,0.9999999478886887
461,43841,0.9999999478886887
462,26387,0.9999999478886887
463,43665,0.9999999478886887
464,4537,0.9999999478886887
465,31005,0.9999999478838544
466,24114,0.9999999478838544
467,34080,0.9999999478838544
468,7001,0.9999999478838544
469,41421,0.9999999478838544
470,18337,0.999999947626289
471,12277,0.9999999474014686
472,34699,0.9999999471419377
473,36233,0.9999999471165112
474,34607,0.9999999470417317
475,63772,0.9999999470317914
476,5415,0.99999994683859
477,35419,0.9999999468286115
478,26308,0.9999999467972424
479,59410,0.9999999466669323
480,34121,0.9999999462801941
481,11111,0.9999999462118816
482,14839,0.9999999462118816
483,46763,0.99999994589554
484,57502,0.9999999458819624
485,45451,0.9999999456978589
486,22057,0.9999999453552063
487,21585,0.9999999453552063
488,27734,0.9999999452080542
489,23520,0.9999999452080542
490,48391,0.9999999449942872
491,29545,0.9999999449745814
492,30702,0.9999999449709641
493,3494,0.9999999449709641
494,31852,0.9999999449709641
495,39984,0.9999999449709641
496,27304,0.9999999449709641
497,52976,0.9999999442589389
498,20243,0.9999999441314773
499,5664,0.9999999441314773
500,357,0.9999999439416403
